{
    "adaptive_bed_mesh_margin": "0",
    "auxiliary_fan": "0",
    "bbl_use_printhost": "0",
    "bed_custom_model": "",
    "bed_custom_texture": "",
    "bed_exclude_area": [
        "0x0"
    ],
    "bed_mesh_max": "99999,99999",
    "bed_mesh_min": "-99999,-99999",
    "bed_mesh_probe_distance": "50,50",
    "before_layer_change_gcode": ";BEFORE_LAYER_CHANGE\n;[layer_z]\n",
    "best_object_pos": "0.5,0.5",
    "change_extrusion_role_gcode": "",
    "change_filament_gcode": "",
    "cooling_tube_length": "5",
    "cooling_tube_retraction": "91.5",
    "default_filament_profile": [
        "UltiMaker Generic PLA"
    ],
    "default_print_profile": "0.40mm Standard @Hephaestus 0.8 nozzle",
    "deretraction_speed": [
        "0"
    ],
    "disable_m73": "1",
    "emit_machine_limits_to_gcode": "0",
    "enable_filament_ramming": "1",
    "enable_long_retraction_when_cut": "0",
    "extra_loading_move": "-2",
    "extruder_clearance_height_to_lid": "140",
    "extruder_clearance_height_to_rod": "36",
    "extruder_clearance_radius": "65",
    "extruder_colour": [
        "#FCE94F"
    ],
    "extruder_offset": [
        "0x0"
    ],
    "fan_kickstart": "0",
    "fan_speedup_overhangs": "1",
    "fan_speedup_time": "0",
    "from": "User",
    "gcode_flavor": "reprapfirmware",
    "head_wrap_detect_zone": [],
    "high_current_on_filament_swap": "0",
    "host_type": "octoprint",
    "inherits": "",
    "is_custom_defined": "0",
    "layer_change_gcode": "",
    "long_retractions_when_cut": [
        "0"
    ],
    "machine_end_gcode": "M98 P0:/sys/endprint.g",
    "machine_load_filament_time": "0",
    "machine_max_acceleration_e": [
        "10000"
    ],
    "machine_max_acceleration_extruding": [
        "1500",
        "1500"
    ],
    "machine_max_acceleration_retracting": [
        "1500",
        "1500"
    ],
    "machine_max_acceleration_travel": [
        "1500",
        "3000"
    ],
    "machine_max_acceleration_x": [
        "1500",
        "3000"
    ],
    "machine_max_acceleration_y": [
        "1500",
        "3000"
    ],
    "machine_max_acceleration_z": [
        "100",
        "500"
    ],
    "machine_max_jerk_e": [
        "2.5",
        "2.5"
    ],
    "machine_max_jerk_x": [
        "20",
        "20"
    ],
    "machine_max_jerk_y": [
        "20",
        "20"
    ],
    "machine_max_jerk_z": [
        "0.4",
        "0.4"
    ],
    "machine_max_speed_e": [
        "2",
        "120"
    ],
    "machine_max_speed_x": [
        "120",
        "500"
    ],
    "machine_max_speed_y": [
        "120",
        "500"
    ],
    "machine_max_speed_z": [
        "12",
        "12"
    ],
    "machine_min_extruding_rate": [
        "0"
    ],
    "machine_min_travel_rate": [
        "0"
    ],
    "machine_pause_gcode": "M0",
    "machine_start_gcode": "M98 P0:/sys/startprint.g",
    "machine_tool_change_time": "0",
    "machine_unload_filament_time": "0",
    "manual_filament_change": "0",
    "max_layer_height": [
        "0.8"
    ],
    "min_layer_height": [
        "0.12"
    ],
    "name": "Eleccelerator Hephaestus 0.4 nozzle",
    "nozzle_diameter": [
        "0.8"
    ],
    "nozzle_height": "2.5",
    "nozzle_hrc": "0",
    "nozzle_type": "undefine",
    "nozzle_volume": "0",
    "parking_pos_retraction": "92",
    "pellet_modded_printer": "0",
    "preferred_orientation": "0",
    "print_host": "",
    "print_host_webui": "",
    "printable_area": [
        "0x0",
        "200x0",
        "200x170",
        "0x170"
    ],
    "printable_height": "285",
    "printer_model": "Hephaestus",
    "printer_notes": "",
    "printer_settings_id": "Hephaestus 0.8 nozzle",
    "printer_structure": "undefine",
    "printer_technology": "FFF",
    "printer_variant": "0.8",
    "printhost_apikey": "",
    "printhost_authorization_type": "key",
    "printhost_cafile": "",
    "printhost_password": "",
    "printhost_port": "",
    "printhost_ssl_ignore_revoke": "0",
    "printhost_user": "",
    "printing_by_object_gcode": "",
    "purge_in_prime_tower": "1",
    "retract_before_wipe": [
        "70%"
    ],
    "retract_length_toolchange": [
        "10"
    ],
    "retract_lift_above": [
        "0"
    ],
    "retract_lift_below": [
        "0"
    ],
    "retract_lift_enforce": [
        "All Surfaces"
    ],
    "retract_restart_extra": [
        "0"
    ],
    "retract_restart_extra_toolchange": [
        "0"
    ],
    "retract_when_changing_layer": [
        "1"
    ],
    "retraction_distances_when_cut": [
        "18"
    ],
    "retraction_length": [
        "0.3"
    ],
    "retraction_minimum_travel": [
        "5"
    ],
    "retraction_speed": [
        "2.5"
    ],
    "scan_first_layer": "0",
    "silent_mode": "0",
    "single_extruder_multi_material": "0",
    "support_air_filtration": "1",
    "support_chamber_temp_control": "1",
    "support_multi_bed_types": "0",
    "template_custom_gcode": "",
    "thumbnails": "48x48/PNG,300x300/PNG",
    "thumbnails_format": "PNG",
    "time_cost": "0",
    "time_lapse_gcode": "",
    "travel_slope": [
        "3"
    ],
    "upward_compatible_machine": [],
    "use_firmware_retraction": "0",
    "use_relative_e_distances": "0",
    "version": "2.2.0.4",
    "wipe": [
        "1"
    ],
    "wipe_distance": [
        "0.2"
    ],
    "z_hop": [
        "0"
    ],
    "z_hop_types": [
        "Slope Lift"
    ],
    "z_offset": "0"
}
