{
    "alternate_extra_wall": "1",
    "elefant_foot_compensation": "0.1",
    "ensure_vertical_shell_thickness": "ensure_moderate",
    "from": "User",
    "gap_infill_speed": "200",
    "inherits": "0.12mm Fine @Hephaestus 0.25 nozzle",
    "initial_layer_infill_speed": "20",
    "initial_layer_speed": "15",
    "inner_wall_speed": "200",
    "internal_solid_infill_speed": "200",
    "is_custom_defined": "0",
    "name": "0.12mm Fine @Hephaestus 0.25 nozzle modified",
    "outer_wall_speed": "150",
    "post_process": [
        "C:\\Python312\\python.exe \"C:\\ProgramFiles\\SlicerPostProc\\orcaslicer_gcode_filter.py\" --no-temp --no-m73"
    ],
    "print_settings_id": "0.12mm Fine @Hephaestus 0.25 nozzle modified",
    "reduce_crossing_wall": "1",
    "sparse_infill_density": "100%",
    "sparse_infill_speed": "200",
    "staggered_inner_seams": "1",
    "top_surface_speed": "150",
    "version": "2.2.0.4",
    "wall_loops": "4"
}
